{"cameraMode":{"drawMode":0,"name":"Shaded","section":"Shading Mode"},"sceneLighting":true,"audioPlay":false,"sceneViewState":{"showFog":true,"showMaterialUpdate":true,"showSkybox":true,"showFlares":true,"showImageEffects":true,"showParticleSystems":true},"in2DMode":false,"pivot":{"x":-27.54729461669922,"y":2.2790284156799318,"z":-166.76278686523438},"rotation":{"x":0.11270298808813095,"y":0.7579947710037231,"z":-0.1360495537519455,"w":0.6278904676437378},"size":0.8988344073295593,"orthographic":false}